0001,0001,04-Feb-16
0002,0002,05-Feb-16
0003,0003,18-Feb-16
0004,0004,11-Mar-16
0005,0005,17-Mar-16
0006,0006,24-Mar-16
0007,0007,25-Mar-16
0008,0008,01-Apr-16
0009,0009,07-Apr-16
0010,0010,08-Apr-16
0011,0011,14-Apr-16
0012,0012,22-Apr-16
0013,0013,29-Apr-16
0014,0014,12-May-16
0015,0015,17-May-16
0016,0016,25-May-16
0017,0017,15-Jun-16
0018,0018,07-Jul-16
0019,0019,11-Jul-16
0020,0020,12-Jul-16
0021,0021,18-Jul-16
0022,0022,21-Jul-16
0023,0023,27-Jul-16
0024,0024,11-Aug-16
0025,0025,25-Aug-16
0026,0026,29-Jan-16
0027,0027,19-Feb-16
0028,0028,04-Mar-16
0029,0029,14-Mar-16
0030,0030,24-Mar-16
0031,0031,12-Apr-16
0032,0032,18-Apr-16
0033,0033,26-Apr-16
0034,0034,28-Apr-16
0035,0035,29-Apr-16
0036,0036,04-May-16
0037,0001,11-May-16
0038,0014,19-May-16
0039,0012,27-May-16
0040,0011,09-Jun-16
0041,0009,14-Jun-16
0042,0008,23-Jun-16
0043,0017,24-Jun-16
0044,0023,19-Jul-16
0045,0025,21-Jul-16
0046,0036,25-Jul-16
0047,0036,01-Aug-16
0048,0016,08-Aug-16
0049,0015,17-Aug-16
0050,0011,26-Aug-16
